"ID","Description","GeneRatio","BgRatio","RichFactor","FoldEnrichment","zScore","pvalue","p.adjust","qvalue","geneID","Count"
"GO:0051607","defense response to virus","23/47","217/11300",0.105990783410138,25.4828904794588,23.534157954629,1.08836248990049e-27,9.95851678258948e-25,8.06533887252574e-25,"IRF7/OAS1/IFITM1/IRF9/STAT1/PARP9/RIGI/ISG15/OASL/OAS3/IFIT1/IFI16/IFI27/IFIT2/MX1/IFIT3/IFI6/OAS2/EIF2AK2/PLSCR1/IFIH1/DDX60/DTX3L",23
"GO:0009615","response to virus","24/47","280/11300",0.0857142857142857,20.6079027355623,21.4710921678604,1.03553354643433e-26,4.73756597493705e-24,3.8369242983672e-24,"IRF7/OAS1/IFITM1/IRF9/STAT1/PARP9/RIGI/IFI44/ISG15/OASL/OAS3/IFIT1/IFI16/IFI27/IFIT2/MX1/IFIT3/IFI6/OAS2/EIF2AK2/PLSCR1/IFIH1/DDX60/DTX3L",24
"GO:0048525","negative regulation of viral process","14/47","59/11300",0.23728813559322,57.0501262170934,27.895548208829,6.37815554478207e-22,1.94533744115853e-19,1.57551631702687e-19,"OAS1/IFITM1/STAT1/ISG15/OASL/OAS3/IFIT1/IFI16/MX1/OAS2/EIF2AK2/PLSCR1/TRIM14/IFIH1",14
"GO:0045071","negative regulation of viral genome replication","12/47","38/11300",0.315789473684211,75.9238521836506,29.8977777409207,1.45950172561982e-20,3.33861019735534e-18,2.70391898641146e-18,"OAS1/IFITM1/ISG15/OASL/OAS3/IFIT1/IFI16/MX1/OAS2/EIF2AK2/PLSCR1/IFIH1",12
"GO:0050792","regulation of viral process","14/47","112/11300",0.125,30.0531914893617,19.9692338526116,9.96217275894888e-18,1.82307761488765e-15,1.47649886785263e-15,"OAS1/IFITM1/STAT1/ISG15/OASL/OAS3/IFIT1/IFI16/MX1/OAS2/EIF2AK2/PLSCR1/TRIM14/IFIH1",14
"GO:0045069","regulation of viral genome replication","12/47","65/11300",0.184615384615385,44.3862520458265,22.6702885906837,2.00915920227027e-17,3.06396778346216e-15,2.48148785683907e-15,"OAS1/IFITM1/ISG15/OASL/OAS3/IFIT1/IFI16/MX1/OAS2/EIF2AK2/PLSCR1/IFIH1",12
"GO:0140374","antiviral innate immune response","11/47","61/11300",0.180327868852459,43.3554237879316,21.4360562102086,6.5764757689037e-16,8.59639332649555e-14,6.96216382151609e-14,"OAS1/RIGI/OASL/OAS3/IFIT1/IFIT2/MX1/IFIT3/OAS2/EIF2AK2/IFIH1",11
"GO:0019079","viral genome replication","12/47","89/11300",0.134831460674157,32.4169256514463,19.2296458144806,1.10505771106556e-15,1.12347533958332e-13,9.09895472035268e-14,"OAS1/IFITM1/ISG15/OASL/OAS3/IFIT1/IFI16/MX1/OAS2/EIF2AK2/PLSCR1/IFIH1",12
"GO:1903900","regulation of viral life cycle","12/47","89/11300",0.134831460674157,32.4169256514463,19.2296458144806,1.10505771106556e-15,1.12347533958332e-13,9.09895472035268e-14,"OAS1/IFITM1/ISG15/OASL/OAS3/IFIT1/IFI16/MX1/OAS2/EIF2AK2/PLSCR1/IFIH1",12
"GO:0016032","viral process","17/47","300/11300",0.0566666666666667,13.6241134751773,14.32187728742,1.37696880771925e-15,1.25992645906312e-13,1.02040635856248e-13,"IRF7/OAS1/IFITM1/STAT1/PARP9/ISG15/OASL/OAS3/IFIT1/IFI16/MX1/OAS2/EIF2AK2/PLSCR1/TRIM14/PARP10/IFIH1",17
"GO:0034340","response to type I interferon","11/47","99/11300",0.111111111111111,26.7139479905437,16.6070591952428,1.77316225531475e-13,1.47494860328454e-11,1.19455141410678e-11,"IRF7/OAS1/IFITM1/STAT1/ISG15/OASL/OAS3/IFIT1/IFI27/MX1/OAS2",11
"GO:0140888","interferon-mediated signaling pathway","10/47","74/11300",0.135135135135135,32.4899367452559,17.5634530062318,3.2973650083438e-13,2.51424081886215e-11,2.03626751392459e-11,"IRF7/OAS1/IFITM1/STAT1/PARP9/ISG15/OASL/OAS3/IFI27/OAS2",10
"GO:0060337","type I interferon-mediated signaling pathway","9/47","59/11300",0.152542372881356,36.67508113956,17.7551062405813,1.78261570797203e-12,1.25468720984185e-10,1.01616312422049e-10,"IRF7/OAS1/IFITM1/STAT1/ISG15/OASL/OAS3/IFI27/OAS2",9
"GO:0071357","cellular response to type I interferon","10/47","94/11300",0.106382978723404,25.5771842462653,15.4634187525539,3.90842694430375e-12,2.55443618145567e-10,2.06882148029311e-10,"IRF7/OAS1/IFITM1/STAT1/ISG15/OASL/OAS3/IFIT1/IFI27/OAS2",10
"GO:0002831","regulation of response to biotic stimulus","15/47","372/11300",0.0403225806451613,9.6945778997941,11.0200712781911,1.2579447552566e-11,7.67346300706528e-10,6.21468847509227e-10,"IRF7/OAS1/STAT1/PARP9/RIGI/ISG15/OASL/OAS3/IFI16/IFI35/EIF2AK2/PLSCR1/IFIH1/DDX60/DTX3L",15
"GO:0071345","cellular response to cytokine stimulus","16/47","449/11300",0.0356347438752784,8.56750225086481,10.5748842262252,1.43239470213386e-11,8.19150720282803e-10,6.63424914672526e-10,"IRF7/OAS1/IFITM1/STAT1/PARP9/ISG15/OASL/IL1A/OAS3/IFIT1/IFI16/IFI27/IFIT2/MX1/IFIT3/OAS2",16
"GO:0032728","positive regulation of interferon-beta production","7/47","34/11300",0.205882352941176,49.4993742177722,18.3031354602983,6.67759196798412e-11,3.59411567688557e-09,2.91085123557945e-09,"IRF7/OAS1/RIGI/ISG15/OAS3/OAS2/IFIH1",7
"GO:0019058","viral life cycle","12/47","223/11300",0.0538116591928251,12.937696784658,11.6358113432558,7.38074144234334e-11,3.75187689985786e-09,3.03862103825129e-09,"OAS1/IFITM1/ISG15/OASL/OAS3/IFIT1/IFI16/MX1/OAS2/EIF2AK2/PLSCR1/IFIH1",12
"GO:0032481","positive regulation of type I interferon production","8/47","63/11300",0.126984126984127,30.5302262749071,15.1896103357561,1.56329918256543e-10,7.52851974761771e-09,6.09729985887014e-09,"IRF7/OAS1/STAT1/RIGI/ISG15/OAS3/OAS2/IFIH1",8
"GO:0045088","regulation of innate immune response","13/47","313/11300",0.0415335463258786,9.98572496771124,10.4188671898547,2.66006783575319e-10,1.21698103485708e-08,9.85625134931707e-09,"IRF7/OAS1/PARP9/RIGI/ISG15/OASL/OAS3/IFI16/IFI35/EIF2AK2/PLSCR1/IFIH1/DDX60",13
"GO:0031349","positive regulation of defense response","13/47","324/11300",0.0401234567901235,9.64670344102968,10.205535408733,4.07392763260466e-10,1.77506846849203e-08,1.43761656809708e-08,"IRF7/OAS1/PARP9/RIGI/OASL/IL1A/OAS3/IFI16/IFI35/EIF2AK2/PLSCR1/IFIH1/DDX60",13
"GO:0045089","positive regulation of innate immune response","12/47","260/11300",0.0461538461538462,11.0965630114566,10.6441373787314,4.3679234892556e-10,1.81665908757676e-08,1.47130054374925e-08,"IRF7/OAS1/PARP9/RIGI/OASL/OAS3/IFI16/IFI35/EIF2AK2/PLSCR1/IFIH1/DDX60",12
"GO:0001819","positive regulation of cytokine production","12/47","272/11300",0.0441176470588235,10.6070087609512,10.3647548357649,7.332402032653e-10,2.70235996132385e-08,2.18862400088811e-08,"IRF7/OAS1/SERPINB7/STAT1/RIGI/ISG15/IL1A/OAS3/IFI16/OAS2/EIF2AK2/IFIH1",12
"GO:0032608","interferon-beta production","7/47","47/11300",0.148936170212766,35.8080579447714,15.4535882516937,7.49754008758019e-10,2.70235996132385e-08,2.18862400088811e-08,"IRF7/OAS1/RIGI/ISG15/OAS3/OAS2/IFIH1",7
"GO:0032648","regulation of interferon-beta production","7/47","47/11300",0.148936170212766,35.8080579447714,15.4535882516937,7.49754008758019e-10,2.70235996132385e-08,2.18862400088811e-08,"IRF7/OAS1/RIGI/ISG15/OAS3/OAS2/IFIH1",7
"GO:0071360","cellular response to exogenous dsRNA","5/47","12/11300",0.416666666666667,100.177304964539,22.214124376191,7.7494724757747e-10,2.70235996132385e-08,2.18862400088811e-08,"OAS1/RIGI/OAS3/IFIT1/IFIH1",5
"GO:0002833","positive regulation of response to biotic stimulus","12/47","274/11300",0.0437956204379562,10.5295853393384,10.3198899200643,7.97417693505399e-10,2.70235996132385e-08,2.18862400088811e-08,"IRF7/OAS1/PARP9/RIGI/OASL/OAS3/IFI16/IFI35/EIF2AK2/PLSCR1/IFIH1/DDX60",12
"GO:0019221","cytokine-mediated signaling pathway","12/47","292/11300",0.0410958904109589,9.88050131157097,9.9359517047731,1.64854760308846e-09,5.38721806009266e-08,4.3630733555424e-08,"IRF7/OAS1/IFITM1/STAT1/PARP9/ISG15/OASL/IL1A/OAS3/IFI27/MX1/OAS2",12
"GO:0071359","cellular response to dsRNA","5/47","14/11300",0.357142857142857,85.8662613981763,20.5335405125256,1.94677432487407e-09,6.14240864572335e-08,4.9746973673733e-08,"OAS1/RIGI/OAS3/IFIT1/IFIH1",5
"GO:0002757","immune response-activating signaling pathway","12/47","314/11300",0.0382165605095541,9.18823688846727,9.5097740649267,3.75678923971261e-09,1.14582071811235e-07,9.27992850792167e-08,"IRF7/OAS1/RIGI/OASL/OAS3/IFI16/IFI35/THEMIS2/EIF2AK2/PLSCR1/IFIH1/DDX60",12
"GO:0032103","positive regulation of response to external stimulus","13/47","391/11300",0.0332480818414322,7.99368776187626,9.09571660727899,4.03779381179736e-09,1.19180043154664e-07,9.65231525808265e-08,"IRF7/OAS1/PARP9/RIGI/OASL/IL1A/OAS3/IFI16/IFI35/EIF2AK2/PLSCR1/IFIH1/DDX60",13
"GO:0002764","immune response-regulating signaling pathway","12/47","324/11300",0.037037037037037,8.90464933018125,9.32970341621609,5.35047134572494e-09,1.52547641714325e-07,1.23547356648703e-07,"IRF7/OAS1/RIGI/OASL/OAS3/IFI16/IFI35/THEMIS2/EIF2AK2/PLSCR1/IFIH1/DDX60",12
"GO:0002753","cytoplasmic pattern recognition receptor signaling pathway","9/47","142/11300",0.0633802816901408,15.2382379382679,11.0342295302154,5.50171822576254e-09,1.52547641714325e-07,1.23547356648703e-07,"IRF7/OAS1/RIGI/OASL/OAS3/IFI16/EIF2AK2/IFIH1/DDX60",9
"GO:0002221","pattern recognition receptor signaling pathway","10/47","197/11300",0.050761421319797,12.2043417215682,10.252601157166,6.10041939216466e-09,1.64173051289137e-07,1.32962701302908e-07,"IRF7/OAS1/RIGI/OASL/OAS3/IFI16/IFI35/EIF2AK2/IFIH1/DDX60",10
"GO:0002758","innate immune response-activating signaling pathway","10/47","202/11300",0.0495049504950495,11.9022540551928,10.1042572936,7.76605475955743e-09,2.03026860142716e-07,1.64430151901607e-07,"IRF7/OAS1/RIGI/OASL/OAS3/IFI16/IFI35/EIF2AK2/IFIH1/DDX60",10
"GO:0043330","response to exogenous dsRNA","5/47","18/11300",0.277777777777778,66.7848699763593,18.0511136006898,8.22887323625861e-09,2.0915052808824e-07,1.69389671296084e-07,"OAS1/RIGI/OAS3/IFIT1/IFIH1",5
"GO:0032479","regulation of type I interferon production","8/47","104/11300",0.0769230769230769,18.494271685761,11.5828615549019,9.16212506489249e-09,2.20614327220438e-07,1.78674128689316e-07,"IRF7/OAS1/STAT1/RIGI/ISG15/OAS3/OAS2/IFIH1",8
"GO:0032606","type I interferon production","8/47","104/11300",0.0769230769230769,18.494271685761,11.5828615549019,9.16212506489249e-09,2.20614327220438e-07,1.78674128689316e-07,"IRF7/OAS1/STAT1/RIGI/ISG15/OAS3/OAS2/IFIH1",8
"GO:0002253","activation of immune response","12/47","344/11300",0.0348837209302326,8.38693715982187,8.99191903710239,1.04809695852583e-08,2.45899671038753e-07,1.99152566478323e-07,"IRF7/OAS1/RIGI/OASL/OAS3/IFI16/IFI35/THEMIS2/EIF2AK2/PLSCR1/IFIH1/DDX60",12
"GO:0002218","activation of innate immune response","10/47","218/11300",0.0458715596330275,11.0286941245364,9.66269637679006,1.61291695132292e-08,3.68954752615118e-07,2.98814087824036e-07,"IRF7/OAS1/RIGI/OASL/OAS3/IFI16/IFI35/EIF2AK2/IFIH1/DDX60",10
"GO:0043331","response to dsRNA","5/47","21/11300",0.238095238095238,57.2441742654509,16.671960323391,1.93624904338413e-08,4.26093894409006e-07,3.45090712296739e-07,"OAS1/RIGI/OAS3/IFIT1/IFIH1",5
"GO:0050778","positive regulation of immune response","13/47","446/11300",0.0291479820627803,7.00791909168973,8.36626024831747,1.95584082679544e-08,4.26093894409006e-07,3.45090712296739e-07,"IRF7/OAS1/PARP9/RIGI/OASL/OAS3/IFI16/IFI35/THEMIS2/EIF2AK2/PLSCR1/IFIH1/DDX60",13
"GO:0035456","response to interferon-beta","5/47","22/11300",0.227272727272727,54.642166344294,16.2755763863265,2.49797118163799e-08,5.31545030511341e-07,4.30494911107258e-07,"OAS1/IFITM1/STAT1/IFI16/PLSCR1",5
"GO:0001817","regulation of cytokine production","12/47","453/11300",0.0264900662251656,6.36888826264619,7.53725867497358,2.16892635264943e-07,4.51038093789598e-06,3.65292859393589e-06,"IRF7/OAS1/SERPINB7/STAT1/RIGI/ISG15/IL1A/OAS3/IFI16/OAS2/EIF2AK2/IFIH1",12
"GO:0001816","cytokine production","12/47","458/11300",0.0262008733624454,6.29935891480071,7.4823177229623,2.4420348541403e-07,4.96547087008528e-06,4.02150301126263e-06,"IRF7/OAS1/SERPINB7/STAT1/RIGI/ISG15/IL1A/OAS3/IFI16/OAS2/EIF2AK2/IFIH1",12
"GO:0032760","positive regulation of tumor necrosis factor production","6/47","65/11300",0.0923076923076923,22.1931260229133,11.0738830948268,2.55527269084278e-07,5.08277067852422e-06,4.11650337380621e-06,"OAS1/RIGI/IL1A/OAS3/OAS2/IFIH1",6
"GO:1903557","positive regulation of tumor necrosis factor superfamily cytokine production","6/47","67/11300",0.0895522388059701,21.5306446490949,10.8924827771558,3.06807665746641e-07,5.97295774804631e-06,4.83746017213069e-06,"OAS1/RIGI/IL1A/OAS3/OAS2/IFIH1",6
"GO:0060759","regulation of response to cytokine stimulus","7/47","129/11300",0.0542635658914729,13.0463466930562,8.89280892733661,9.23244282001236e-07,1.75993441256486e-05,1.42535959326507e-05,"OAS1/PARP9/RIGI/ISG15/IL1A/OAS3/IFIH1",7
"GO:0032727","positive regulation of interferon-alpha production","4/47","19/11300",0.210526315789474,50.6159014557671,13.9880978307664,9.72658167481709e-07,1.81629025152197e-05,1.47100182579403e-05,"IRF7/STAT1/RIGI/IFIH1",4
"GO:0032607","interferon-alpha production","4/47","20/11300",0.2,48.0851063829787,13.6200523820112,1.21212315438962e-06,2.17469154169903e-05,1.76126873207491e-05,"IRF7/STAT1/RIGI/IFIH1",4
"GO:0032647","regulation of interferon-alpha production","4/47","20/11300",0.2,48.0851063829787,13.6200523820112,1.21212315438962e-06,2.17469154169903e-05,1.76126873207491e-05,"IRF7/STAT1/RIGI/IFIH1",4
"GO:0002230","positive regulation of defense response to virus by host","4/47","23/11300",0.173913043478261,41.8131359851989,12.6619871331945,2.19518669639502e-06,3.7898034475499e-05,3.06933750598231e-05,"STAT1/PARP9/RIGI/DTX3L",4
"GO:0039529","RIG-I signaling pathway","4/47","23/11300",0.173913043478261,41.8131359851989,12.6619871331945,2.19518669639502e-06,3.7898034475499e-05,3.06933750598231e-05,"RIGI/OASL/OAS3/DDX60",4
"GO:0032640","tumor necrosis factor production","6/47","98/11300",0.0612244897959184,14.7199305254016,8.81560128922284,2.93788314783364e-06,4.88756923685051e-05,3.95841097813374e-05,"OAS1/RIGI/IL1A/OAS3/OAS2/IFIH1",6
"GO:0032680","regulation of tumor necrosis factor production","6/47","98/11300",0.0612244897959184,14.7199305254016,8.81560128922284,2.93788314783364e-06,4.88756923685051e-05,3.95841097813374e-05,"OAS1/RIGI/IL1A/OAS3/OAS2/IFIH1",6
"GO:0030522","intracellular receptor signaling pathway","9/47","301/11300",0.0299003322259136,7.18880327984732,7.03312115611719,3.35211864438752e-06,5.47712242788318e-05,4.43588632640755e-05,"IRF7/OAS1/RIGI/OASL/OAS3/IFI16/EIF2AK2/IFIH1/DDX60",9
"GO:0071706","tumor necrosis factor superfamily cytokine production","6/47","101/11300",0.0594059405940594,14.2827048662313,8.66547475571199,3.50422917192016e-06,5.52822360742577e-05,4.47727284397785e-05,"OAS1/RIGI/IL1A/OAS3/OAS2/IFIH1",6
"GO:1903555","regulation of tumor necrosis factor superfamily cytokine production","6/47","101/11300",0.0594059405940594,14.2827048662313,8.66547475571199,3.50422917192016e-06,5.52822360742577e-05,4.47727284397785e-05,"OAS1/RIGI/IL1A/OAS3/OAS2/IFIH1",6
"GO:0042742","defense response to bacterium","6/47","103/11300",0.058252427184466,14.0053707911588,8.56890416747453,3.928958381582e-06,6.0932151171992e-05,4.93485584412797e-05,"OAS1/CCL20/PI3/ISG15/OAS3/OAS2",6
"GO:0050691","regulation of defense response to virus by host","4/47","31/11300",0.129032258064516,31.0226492793411,10.8173764651079,7.61249545044228e-06,0.000116090555619245,9.40209964405503e-05,"STAT1/PARP9/RIGI/DTX3L",4
"GO:0062207","regulation of pattern recognition receptor signaling pathway","6/47","135/11300",0.0444444444444444,10.6855791962175,7.31640757941167,1.86801057004141e-05,0.000280201585506211,0.000226933467007619,"IRF7/OASL/IFI16/IFI35/EIF2AK2/DDX60",6
"GO:0035455","response to interferon-alpha","3/47","15/11300",0.2,48.0851063829787,11.7926980233822,2.96294947616638e-05,0.000437273995272941,0.000354145404282025,"OAS1/IFITM1/EIF2AK2",3
"GO:0050688","regulation of defense response to virus","4/47","45/11300",0.0888888888888889,21.371158392435,8.84879240673276,3.4543104455199e-05,0.000501697469468367,0.000406321562848122,"STAT1/PARP9/RIGI/DTX3L",4
"GO:0035458","cellular response to interferon-beta","3/47","17/11300",0.176470588235294,42.4280350438047,11.0469216911467,4.4023521999776e-05,0.000629398791090548,0.000509746044207933,"OAS1/STAT1/IFI16",3
"GO:0006954","inflammatory response","9/47","423/11300",0.0212765957446809,5.11543684925306,5.57527553120509,5.09480793904906e-05,0.000717192194496907,0.000580849358557173,"CCL20/IL1A/IFI16/IFI27/IFI35/THEMIS2/EIF2AK2/PLSCR1/TRIM14",9
"GO:0060339","negative regulation of type I interferon-mediated signaling pathway","3/47","18/11300",0.166666666666667,40.0709219858156,10.7209097092248,5.26741800298396e-05,0.000730255677686412,0.000591429389808725,"OAS1/ISG15/OAS3",3
"GO:0009617","response to bacterium","7/47","269/11300",0.0260223048327138,6.25642648105671,5.63889575683001,0.000111566452545624,0.00151600127373471,0.00122779970860999,"OAS1/CCL20/PI3/ISG15/IL1A/OAS3/OAS2",7
"GO:0030224","monocyte differentiation","3/47","23/11300",0.130434782608696,31.3598519888992,9.41892961590951,0.000112664575534383,0.00151600127373471,0.00122779970860999,"IRF7/IL1A/IFI16",3
"GO:0008285","negative regulation of cell population proliferation","8/47","367/11300",0.0217983651226158,5.24088352947997,5.33770388555961,0.000118935376066158,0.0015771865087034,0.00127735323799504,"IFITM1/STAT1/IL1A/IFI35/KRT4/IFIT3/EIF2AK2/PARP10",8
"GO:0001960","negative regulation of cytokine-mediated signaling pathway","4/47","62/11300",0.0645161290322581,15.5113246396706,7.40445610259164,0.00012281395079154,0.00158274316865153,0.00128185354124898,"OAS1/ISG15/IL1A/OAS3",4
"GO:0045824","negative regulation of innate immune response","4/47","62/11300",0.0645161290322581,15.5113246396706,7.40445610259164,0.00012281395079154,0.00158274316865153,0.00128185354124898,"OAS1/ISG15/OAS3/IFI16",4
"GO:0032722","positive regulation of chemokine production","3/47","24/11300",0.125,30.0531914893617,9.20781759985085,0.000128384341997311,0.0016315510128825,0.00132138270125888,"OAS1/OAS3/EIF2AK2",3
"GO:0001959","regulation of cytokine-mediated signaling pathway","5/47","121/11300",0.0413223140495868,9.93493933532618,6.38583347437662,0.000138731854643113,0.00173889927395134,0.00140832336941242,"OAS1/PARP9/ISG15/IL1A/OAS3",5
"GO:0060761","negative regulation of response to cytokine stimulus","4/47","66/11300",0.0606060606060606,14.5712443584784,7.14593731426068,0.000156754647654413,0.00193825003518633,0.00156977627238559,"OAS1/ISG15/IL1A/OAS3",4
"GO:0019080","viral gene expression","4/47","75/11300",0.0533333333333333,12.822695035461,6.63878674004444,0.000257226092518178,0.00313815832872177,0.0025415743036182,"PARP9/IFIT1/TRIM14/PARP10",4
"GO:0030099","myeloid cell differentiation","6/47","223/11300",0.0269058295964126,6.46884839232898,5.33054987958727,0.000301587513852726,0.00363095493651637,0.00294068711568309,"IRF7/STAT1/ISG15/IL1A/IFI16/BATF2",6
"GO:0032102","negative regulation of response to external stimulus","6/47","229/11300",0.0262008733624454,6.29935891480071,5.235792468209,0.00034773079508159,0.0041321256818137,0.00334658208800327,"OAS1/ISG15/IL1A/OAS3/FGG/IFI16",6
"GO:0032602","chemokine production","3/47","35/11300",0.0857142857142857,20.6079027355623,7.508174228456,0.000402051821240318,0.00459846770543614,0.00372426950201558,"OAS1/OAS3/EIF2AK2",3
"GO:0032642","regulation of chemokine production","3/47","35/11300",0.0857142857142857,20.6079027355623,7.508174228456,0.000402051821240318,0.00459846770543614,0.00372426950201558,"OAS1/OAS3/EIF2AK2",3
"GO:0060338","regulation of type I interferon-mediated signaling pathway","3/47","35/11300",0.0857142857142857,20.6079027355623,7.508174228456,0.000402051821240318,0.00459846770543614,0.00372426950201558,"OAS1/ISG15/OAS3",3
"GO:0002832","negative regulation of response to biotic stimulus","4/47","85/11300",0.0470588235294118,11.3141426783479,6.16847391544494,0.000415689646688706,0.00469575341629835,0.00380306057529368,"OAS1/ISG15/OAS3/IFI16",4
"GO:0031348","negative regulation of defense response","5/47","164/11300",0.0304878048780488,7.33004670472237,5.2771446800578,0.000567907812199002,0.00633702009953765,0.00513231193566236,"OAS1/ISG15/IL1A/OAS3/IFI16",5
"GO:0098586","cellular response to virus","3/47","40/11300",0.075,18.031914893617,6.97363242945116,0.000598142281311865,0.00659397816145008,0.00534042062198545,"OAS1/IFI6/IFIH1",3
"GO:0039531","regulation of cytoplasmic pattern recognition receptor signaling pathway","4/47","97/11300",0.0412371134020619,9.91445492432551,5.69833879045446,0.000685897877472964,0.00735162467948739,0.00595403367772116,"OASL/IFI16/EIF2AK2/DDX60",4
"GO:0032755","positive regulation of interleukin-6 production","3/47","42/11300",0.0714285714285714,17.1732522796353,6.78619223438171,0.000690972374246902,0.00735162467948739,0.00595403367772116,"RIGI/IL1A/IFIH1",3
"GO:0060760","positive regulation of response to cytokine stimulus","3/47","42/11300",0.0714285714285714,17.1732522796353,6.78619223438171,0.000690972374246902,0.00735162467948739,0.00595403367772116,"PARP9/RIGI/IFIH1",3
"GO:1901847","nicotinate metabolic process","2/47","10/11300",0.2,48.0851063829787,9.62656525021266,0.000745968588314398,0.00784553170468591,0.00635404580971974,"PARP9/PARP10",2
"GO:0032682","negative regulation of chemokine production","2/47","12/11300",0.166666666666667,40.0709219858156,8.75125938132409,0.00108829781342071,0.011315823855454,0.00916461316564811,"OAS1/OAS3",2
"GO:0050777","negative regulation of immune response","4/47","113/11300",0.0353982300884956,8.51063829787234,5.18554042213057,0.00121425860480163,0.0124836699257696,0.0101104442079285,"OAS1/ISG15/OAS3/IFI16",4
"GO:0002573","myeloid leukocyte differentiation","4/47","114/11300",0.0350877192982456,8.43598357596118,5.15689411065012,0.00125460635320607,0.0127551645909283,0.0103303259959891,"IRF7/IL1A/IFI16/BATF2",4
"GO:0009820","alkaloid metabolic process","2/47","13/11300",0.153846153846154,36.9885433715221,8.39037663962847,0.00128276407120475,0.0128981222544214,0.0104461064907825,"PARP9/PARP10",2
"GO:0072111","cell proliferation involved in kidney development","2/47","14/11300",0.142857142857143,34.3465045592705,8.0682451546477,0.00149259592577274,0.0148448399139354,0.0120227406378033,"SERPINB7/STAT1",2
"GO:0062208","positive regulation of pattern recognition receptor signaling pathway","3/47","59/11300",0.0508474576271186,12.22502704652,5.58657587868401,0.00186232375938266,0.0183228627939262,0.0148395690617475,"OASL/IFI35/DDX60",3
"GO:2001237","negative regulation of extrinsic apoptotic signaling pathway","3/47","61/11300",0.0491803278688525,11.8242064876177,5.47812482909426,0.00204979818001701,0.01995282270974,0.0161596631436951,"IL1A/FGG/IFI6",3
"GO:0031397","negative regulation of protein ubiquitination","3/47","62/11300",0.0483870967741935,11.6334934797529,5.42577866894255,0.00214778042896068,0.0206865167631476,0.0167538772519481,"ISG15/PARP10/DTX3L",3
"GO:0031424","keratinization","2/47","17/11300",0.117647058823529,28.2853566958698,7.27573003198359,0.00221303184540436,0.0208755065829381,0.0169069388948961,"PI3/KRT4",2
"GO:0039535","regulation of RIG-I signaling pathway","2/47","17/11300",0.117647058823529,28.2853566958698,7.27573003198359,0.00221303184540436,0.0208755065829381,0.0169069388948961,"OASL/DDX60",2
"GO:0032635","interleukin-6 production","3/47","66/11300",0.0454545454545455,10.9284332688588,5.227815511535,0.00256869474273026,0.0237409665615979,0.0192276565537704,"RIGI/IL1A/IFIH1",3
"GO:0032675","regulation of interleukin-6 production","3/47","66/11300",0.0454545454545455,10.9284332688588,5.227815511535,0.00256869474273026,0.0237409665615979,0.0192276565537704,"RIGI/IL1A/IFIH1",3
"GO:1901099","negative regulation of signal transduction in absence of ligand","2/47","19/11300",0.105263157894737,25.3079507278835,6.85308505681825,0.00276786576983466,0.0250752195980071,0.0203082595306264,"IL1A/IFI6",2
"GO:2001240","negative regulation of extrinsic apoptotic signaling pathway in absence of ligand","2/47","19/11300",0.105263157894737,25.3079507278835,6.85308505681825,0.00276786576983466,0.0250752195980071,0.0203082595306264,"IL1A/IFI6",2
"GO:0097191","extrinsic apoptotic signaling pathway","4/47","143/11300",0.027972027972028,6.72518970391311,4.45265408891938,0.00287629828645109,0.0258020875696348,0.0208969452390255,"IL1A/FGG/IFI27/IFI6",4
"GO:1903321","negative regulation of protein modification by small protein conjugation or removal","3/47","69/11300",0.0434782608695652,10.4532839962997,5.09017613899735,0.00291560341382916,0.0259007487733367,0.0209768503151326,"ISG15/PARP10/DTX3L",3
"GO:0051098","regulation of binding","3/47","70/11300",0.0428571428571429,10.3039513677812,5.04616384226461,0.0030373313516665,0.0264670986259522,0.0214355334284387,"PARP9/IFI16/DTX3L",3
"GO:0006953","acute-phase response","2/47","20/11300",0.1,24.0425531914894,6.66539391311259,0.00306727747015539,0.0264670986259522,0.0214355334284387,"IL1A/PLSCR1",2
"GO:0060333","type II interferon-mediated signaling pathway","2/47","20/11300",0.1,24.0425531914894,6.66539391311259,0.00306727747015539,0.0264670986259522,0.0214355334284387,"STAT1/PARP9",2
"GO:0030097","hemopoiesis","7/47","471/11300",0.0148619957537155,3.57320323440394,3.68659253357531,0.00309505962073977,0.0264670986259522,0.0214355334284387,"IRF7/STAT1/ISG15/IL1A/IFI16/BATF2/EIF2AK2",7
"GO:0034341","response to type II interferon","3/47","72/11300",0.0416666666666667,10.0177304964539,4.960746926085,0.00329008038688042,0.0276185647155558,0.0223680984293946,"IFITM1/STAT1/PARP9",3
"GO:1901874","negative regulation of post-translational protein modification","3/47","72/11300",0.0416666666666667,10.0177304964539,4.960746926085,0.00329008038688042,0.0276185647155558,0.0223680984293946,"ISG15/PARP10/DTX3L",3
"GO:2001239","regulation of extrinsic apoptotic signaling pathway in absence of ligand","2/47","22/11300",0.0909090909090909,21.8568665377176,6.32818447963648,0.00370948383587386,0.0308561609984053,0.0249902068943081,"IL1A/IFI6",2
"GO:0045648","positive regulation of erythrocyte differentiation","2/47","24/11300",0.0833333333333333,20.0354609929078,6.03290185231287,0.00440873384288492,0.036342265461619,0.0294333677135229,"STAT1/ISG15",2
"GO:0002429","immune response-activating cell surface receptor signaling pathway","4/47","171/11300",0.0233918128654971,5.62398905064079,3.9375089583101,0.00544217363049655,0.0444606149277174,0.0360083668784734,"OAS1/IFI35/THEMIS2/PLSCR1",4
"GO:0019082","viral protein processing","2/47","28/11300",0.0714285714285714,17.1732522796353,5.53746074393083,0.00597457435413915,0.048378190566702,0.0391811862628222,"PARP9/PARP10",2
