"gene_symbol","gene_id","baseMean","log2FoldChange","pvalue","padj"
"IFI6","ENSG00000126709.16",295.061248395104,4.30186144592462,0,0
"OAS1","ENSG00000089127.15",466.887070231911,1.55348681458949,4.15263791524093e-309,3.63314291204429e-305
"OAS3","ENSG00000111331.14",1231.78004319732,1.36827490349215,1.53784779412921e-252,8.96975356722432e-249
"STAT1","ENSG00000115415.21",1327.26891955595,1.29902927382245,4.18627415246131e-227,1.8312856279942e-223
"IFIT1","ENSG00000185745.10",145.434348302355,4.27272028935802,6.21553759655398e-222,2.17518953729003e-218
"ISG15","ENSG00000187608.10",120.173786781426,3.73130821457212,1.07298207846149e-209,3.12917340148652e-206
"PARP9","ENSG00000138496.17",184.875249543968,2.06158257497051,4.88566588378398e-179,1.22127688049217e-175
"MX1","ENSG00000157601.15",80.4029296600263,4.81096168327534,4.43685603114647e-127,9.70451335412512e-124
"IRF7","ENSG00000185507.21",88.7411995100904,3.17180975303975,3.16089195687108e-121,6.14547638459224e-118
"DTX3L","ENSG00000163840.10",194.603784880237,1.37657287480078,7.6654750667464e-107,1.34130482717928e-103
"PLSCR1","ENSG00000188313.13",395.503027490161,1.05743610882514,2.22321390774522e-89,3.24181641314382e-86
"HELZ2","ENSG00000130589.16",348.584775940242,1.46397659312339,4.04832892799191e-85,5.4490507370771e-82
"TRIM14","ENSG00000106785.15",226.012733476811,1.1378882127149,3.16267766048263e-75,3.95289526450894e-72
"DDX60","ENSG00000137628.18",66.9185694487495,2.20419548670833,1.87547685296341e-73,2.18780626487692e-70
"IFIT3","ENSG00000119917.15",53.4911607713254,1.91769803804355,1.86354070893812e-63,1.81156862916663e-60
"IFI35","ENSG00000068079.8",161.660479156349,1.12675391840333,1.510490471737e-55,1.20138919429337e-52
"HERC6","ENSG00000138642.16",75.1545748332818,1.40317369834117,5.66413820231667e-52,4.12962876100571e-49
"EIF2AK2","ENSG00000055332.19",459.769168459556,1.05709426799068,2.69614745249304e-47,1.88708752494893e-44
"IFIH1","ENSG00000115267.10",48.5441115001304,1.76285832241534,4.25631281318677e-42,2.65989148589793e-39
"SP110","ENSG00000135899.20",58.1619579898757,1.21855077847081,8.66905319430304e-34,4.59669978163378e-31
"IFI27","ENSG00000165949.13",16.6757169270553,3.0002621908245,3.85755923983218e-31,1.77630451522588e-28
"SAMD9","ENSG00000205413.8",44.9360508599427,1.60639764333636,2.83828515932818e-25,9.93286274358489e-23
"CCL20","ENSG00000115009.13",60.3093552952167,1.01158988559384,5.03982159103876e-23,1.49469149491519e-20
"PARP10","ENSG00000178685.14",20.2961359575988,1.87226444580071,9.5906860832253e-22,2.43214239252574e-19
"OASL","ENSG00000135114.14",11.7562490144922,2.81207824726113,6.31289997155979e-21,1.55581864369511e-18
"REC8","ENSG00000100918.14",24.9573692957985,1.40933010011337,1.26777304879541e-20,3.0388346312085e-18
"SAMD9L","ENSG00000177409.12",15.6296661343585,1.86871636179081,3.44134988179724e-19,7.8203558742452e-17
"KRT4","ENSG00000170477.13",28.7780200527042,-1.1617219336042,6.61961921449456e-17,1.21926417910764e-14
"IRF9","ENSG00000213928.10",19.815088410493,1.3504978877017,4.34601431082973e-15,5.94113737585146e-13
"OAS2","ENSG00000111335.14",5.70130853384229,4.16955034735073,2.00079333320751e-13,2.2158153002826e-11
"IFI44","ENSG00000137965.11",3.82108155271389,4.25898999705558,1.20334629054366e-11,9.74821916293189e-10
"FGG","ENSG00000171557.17",27.0557923269167,1.00998783569692,2.45707748354859e-10,1.53003351626808e-08
"IFI16","ENSG00000163565.20",18.1131961514473,1.18471694250835,3.92963809697966e-09,1.76309762617821e-07
"IFIT2","ENSG00000119922.11",14.421498723472,1.11523433430744,8.8891950409959e-09,3.60888943914957e-07
"CMPK2","ENSG00000134326.12",5.01184822747679,2.12532845605018,2.49209578621279e-08,8.88120001367645e-07
"IFITM1","ENSG00000185885.17",4.81039894436846,2.21419725440203,6.31250896928773e-08,2.0082960353563e-06
"PDGFA-DT","ENSG00000223855.4",9.38531672434907,-1.13802895228779,2.46508659307973e-06,4.7767536218947e-05
"THEMIS2","ENSG00000130775.16",4.95210316352388,1.53311257430208,1.23504871073727e-05,0.000183724712369132
"BATF2","ENSG00000168062.10",7.59661609720217,1.23784995163,1.49498598307725e-05,0.000217089333874571
"SERPINB7","ENSG00000166396.13",7.68601439765369,1.09062818179432,2.59974341091911e-05,0.000345933917903138
"RNU1-3","ENSG00000207513.1",26.6999921247092,3.61209545752451,4.55567919271585e-05,0.000553578295237097
"RNU1-1","ENSG00000206652.1",26.0901506339747,3.23128973530606,4.72146968959512e-05,0.000568982621408646
"KCNJ2","ENSG00000123700.5",6.52043461867323,1.16321153117215,6.31800077133991e-05,0.00071974204099548
"RNU1-27P","ENSG00000206596.1",25.0429749599009,3.16093829134977,6.88803160261475e-05,0.000775091813392623
"RNVU1-18","ENSG00000206737.1",26.1321489462942,3.5307500278143,6.93140125238602e-05,0.000778970193412013
"RNVU1-7","ENSG00000206585.1",25.62975156427,3.45230923167141,9.62048384235138e-05,0.0010214758875817
"RIGI","ENSG00000107201.11",5.20422582473866,1.20916333002604,0.000185240838713726,0.00173891855998539
"IL1A","ENSG00000115008.6",6.04834664624682,1.13011307680689,0.000197812662422784,0.00184015202927904
"RNU1-2","ENSG00000207005.1",25.326636888849,3.09324318566136,0.000213818642829761,0.00195906864296234
"RNA5S17","ENSG00000200370.1",14.8530914163021,4.04467031028712,0.000234263273608124,0.00210752635557581
"RNU1-28P","ENSG00000206588.1",26.1106009113078,3.21033169711148,0.000259728010783853,0.00229184101497522
"RNA5S14","ENSG00000201355.1",13.7802969272151,3.65533387030867,0.0002899082139924,0.00249769272695176
"LOC124904138","ENSG00000278591.1",9.37827600699078,2.74857216913282,0.000297396835694453,0.00254840834034355
"RNA5S5","ENSG00000199396.1",14.9446623257278,3.21541943631592,0.000379752748553115,0.00311170857594164
"RNA5S16","ENSG00000202257.1",14.3618964377642,3.21693706847669,0.000379849669574314,0.00311170857594164
"RNA5S7","ENSG00000202521.1",15.2090085038817,3.23343418313828,0.000398726786707969,0.00323905353473354
"RNA5S13","ENSG00000202526.1",14.6431272876395,3.31821434470654,0.000424098496730704,0.00339783676547338
"LOC124904613","ENSG00000273768.1",25.9967664823925,3.18233278104584,0.000460483178063417,0.00362625321771092
"LOC124904146","ENSG00000278774.1",10.2340804905917,2.40206490986055,0.000472566443215734,0.00369810716609522
"RNA5S12","ENSG00000199270.1",14.5103832622921,3.58513781051335,0.0004772418900828,0.0037296911981549
"RNU1-4","ENSG00000207389.1",26.753508398762,2.93281254461218,0.000492579917405126,0.00382394116892409
"ANKRD20A2P","ENSG00000290718.1",4.68155455160093,-1.09899023892022,0.000523619949684337,0.00402384799278723
"RNA5S1","ENSG00000199352.1",14.887556149445,3.27605363207879,0.000645254030349327,0.00472017350462062
"RNA5S3","ENSG00000199337.1",13.4089943295708,3.40048190697085,0.000666555997915775,0.00485166258383121
"LOC105379252","ENSG00000290970.1",4.55966226751772,-1.08004271964822,0.000789739516454017,0.00555417115097369
"RNA5S15","ENSG00000201925.1",14.3888623877602,3.11944928494691,0.000857902569135013,0.00591595291973743
"RNA5S2","ENSG00000201588.1",14.4549490980447,3.05562702135414,0.000931725238074527,0.00630933754482511
"PLEKHA4","ENSG00000105559.13",4.90739983979959,1.0906568135298,0.00106305169239791,0.00697722374852912
"UBA7","ENSG00000182179.13",3.06817550459223,1.46281877659013,0.00122434924026371,0.00777910784536473
"RNA5S4","ENSG00000200381.1",13.1260297942539,3.21006878687726,0.00150901015460219,0.00920985688358184
"LOC124904138","ENSG00000275219.1",9.91503365364856,2.16608869898836,0.00191746158061874,0.0111282728814815
"RNA5S10","ENSG00000199910.1",15.0920907269727,2.83078160746703,0.00194068779914304,0.0112255576761403
"RNA5S8","ENSG00000200343.1",14.5986453926044,2.88949919866405,0.00218626538960073,0.0123165717280211
"RNU2-1","ENSG00000274585.1",10.2990348735233,2.15228007626002,0.00286873992807423,0.0151744894986224
"PI3","ENSG00000124102.5",4.27975429720052,1.05652838271766,0.00294845352212551,0.0155127422886393
"ANKRD30A","ENSG00000148513.20",4.72332017464253,1.18094220936667,0.00319058909512235,0.0165076664655384
"LOC124904138","ENSG00000274062.1",10.5340781598569,2.08013592481588,0.00330999465100495,0.0169599667359545
"RMRP","ENSG00000277027.1",20.5887263835755,1.31135353895681,0.00381123721554557,0.0190585303907258
"LOC124904137","ENSG00000274432.1",10.6280092118623,2.07993840844301,0.00446215994830749,0.0216059144017421
"LOC124904138","ENSG00000278048.1",10.4767218970162,1.94107586396372,0.0050349115979358,0.0237149079786489
"RNA5S11","ENSG00000199334.1",15.3725470348092,2.9141236980131,0.00567420582854185,0.0259371090877286
"LOC124904136","ENSG00000273709.1",10.0008496408399,2.01447231237857,0.0062623133494904,0.0279749703827886
"LOC124904135","ENSG00000275616.1",9.26640406356168,2.27189697447666,0.00626449692806347,0.0279765771682731
"LOC124904138","ENSG00000274862.1",9.91915320495973,2.22981734739936,0.00667178473514731,0.0294730849016934
"RNA5S6","ENSG00000200624.1",15.0485998954557,2.79944005872156,0.0091805743328327,0.0375770034329606
"MUC6","ENSG00000184956.16",5.4445742220206,-1.60469312027473,0.0108871435775206,0.0426658988397436
